,Name,Type 1,KNN Prediction,Neural Network Prediction,Random Forest Preduction,SVM Prediction
0,Bulbasaur,Grass,Fire,Water,Grass,Water
1,Ivysaur,Grass,Grass,Water,Grass,Water
2,Venusaur,Grass,Water,Water,Grass,Water
3,VenusaurMega Venusaur,Grass,Fire,Water,Grass,Water
4,Charmander,Fire,Water,Water,Fire,Water
5,Charmeleon,Fire,Normal,Water,Fire,Water
6,Charizard,Fire,Fire,Water,Fire,Water
7,CharizardMega Charizard X,Fire,Fire,Grass,Fire,Water
8,CharizardMega Charizard Y,Fire,Fire,Water,Psychic,Psychic
9,Squirtle,Water,Normal,Water,Water,Water
10,Wartortle,Water,Poison,Water,Grass,Water
11,Blastoise,Water,Water,Water,Water,Water
12,BlastoiseMega Blastoise,Water,Water,Water,Grass,Water
13,Caterpie,Bug,Bug,Normal,Bug,Normal
14,Metapod,Bug,Bug,Water,Bug,Normal
15,Butterfree,Bug,Grass,Water,Grass,Water
16,Weedle,Bug,Bug,Normal,Bug,Normal
17,Kakuna,Bug,Bug,Water,Bug,Normal
18,Beedrill,Bug,Normal,Normal,Bug,Normal
19,BeedrillMega Beedrill,Bug,Normal,Normal,Bug,Normal
20,Pidgey,Normal,Normal,Normal,Normal,Bug
21,Pidgeotto,Normal,Normal,Normal,Normal,Normal
22,Pidgeot,Normal,Normal,Normal,Normal,Normal
23,PidgeotMega Pidgeot,Normal,Electric,Water,Electric,Electric
24,Rattata,Normal,Normal,Normal,Normal,Bug
25,Raticate,Normal,Normal,Normal,Normal,Normal
26,Spearow,Normal,Normal,Normal,Normal,Normal
27,Fearow,Normal,Normal,Normal,Normal,Normal
28,Ekans,Poison,Normal,Normal,Poison,Water
29,Arbok,Poison,Normal,Normal,Poison,Water
30,Pikachu,Electric,Water,Normal,Water,Water
31,Raichu,Electric,Fire,Normal,Electric,Water
32,Sandshrew,Ground,Rock,Bug,Ground,Bug
33,Sandslash,Ground,Rock,Bug,Ground,Ground
34,Nidoran♀,Poison,Poison,Water,Poison,Water
35,Nidorina,Poison,Normal,Water,Poison,Water
36,Nidoqueen,Poison,Water,Normal,Poison,Water
37,Nidoran♂,Poison,Normal,Normal,Poison,Normal
38,Nidorino,Poison,Fire,Normal,Poison,Normal
39,Nidoking,Poison,Fire,Normal,Poison,Water
40,Clefairy,Fairy,Water,Water,Fairy,Water
41,Clefable,Fairy,Grass,Water,Fairy,Water
42,Vulpix,Fire,Water,Normal,Fire,Water
43,Ninetales,Fire,Water,Normal,Fire,Water
44,Jigglypuff,Normal,Normal,Normal,Normal,Normal
45,Wigglytuff,Normal,Normal,Water,Normal,Normal
46,Zubat,Poison,Normal,Normal,Poison,Normal
47,Golbat,Poison,Normal,Normal,Normal,Normal
48,Oddish,Grass,Fire,Water,Grass,Water
49,Gloom,Grass,Grass,Water,Grass,Water
50,Vileplume,Grass,Grass,Water,Grass,Water
51,Paras,Bug,Water,Bug,Poison,Water
52,Parasect,Bug,Rock,Rock,Bug,Water
53,Venonat,Bug,Poison,Normal,Bug,Normal
54,Venomoth,Bug,Fire,Water,Bug,Water
55,Diglett,Ground,Water,Normal,Normal,Bug
56,Dugtrio,Ground,Normal,Normal,Normal,Bug
57,Meowth,Normal,Normal,Normal,Normal,Normal
58,Persian,Normal,Normal,Normal,Normal,Normal
59,Psyduck,Water,Fire,Water,Water,Water
60,Golduck,Water,Fire,Water,Water,Water
61,Mankey,Fighting,Normal,Normal,Ground,Fighting
62,Primeape,Fighting,Normal,Normal,Fighting,Normal
63,Growlithe,Fire,Fire,Water,Fire,Water
64,Arcanine,Fire,Fire,Normal,Fire,Water
65,Poliwag,Water,Normal,Normal,Water,Normal
66,Poliwhirl,Water,Normal,Normal,Water,Normal
67,Poliwrath,Water,Water,Normal,Water,Water
68,Abra,Psychic,Water,Water,Psychic,Psychic
69,Kadabra,Psychic,Ghost,Water,Psychic,Psychic
70,Alakazam,Psychic,Psychic,Water,Psychic,Psychic
71,AlakazamMega Alakazam,Psychic,Electric,Water,Psychic,Psychic
72,Machop,Fighting,Poison,Normal,Fighting,Normal
73,Machoke,Fighting,Poison,Normal,Fighting,Normal
74,Machamp,Fighting,Water,Normal,Normal,Rock
75,Bellsprout,Grass,Fire,Water,Grass,Water
76,Weepinbell,Grass,Fire,Water,Grass,Water
77,Victreebel,Grass,Grass,Electric,Grass,Water
78,Tentacool,Water,Water,Normal,Water,Water
79,Tentacruel,Water,Water,Normal,Water,Water
80,Geodude,Rock,Rock,Rock,Rock,Rock
81,Graveler,Rock,Rock,Rock,Rock,Rock
82,Golem,Rock,Rock,Rock,Rock,Rock
83,Ponyta,Fire,Normal,Normal,Fire,Water
84,Rapidash,Fire,Fire,Normal,Fire,Water
85,Slowpoke,Water,Poison,Water,Ground,Normal
86,Slowbro,Water,Water,Water,Water,Water
87,SlowbroMega Slowbro,Water,Water,Water,Water,Water
88,Magnemite,Electric,Water,Water,Water,Electric
89,Magneton,Electric,Grass,Water,Electric,Electric
90,Farfetch'd,Normal,Fire,Water,Normal,Water
91,Doduo,Normal,Normal,Normal,Normal,Bug
92,Dodrio,Normal,Normal,Normal,Normal,Bug
93,Seel,Water,Normal,Water,Normal,Water
94,Dewgong,Water,Water,Water,Water,Water
95,Grimer,Poison,Normal,Normal,Poison,Normal
96,Muk,Poison,Water,Normal,Poison,Normal
97,Shellder,Water,Water,Rock,Water,Water
98,Cloyster,Water,Rock,Rock,Water,Water
99,Gastly,Ghost,Water,Water,Ghost,Electric
100,Haunter,Ghost,Ghost,Water,Ghost,Electric
101,Gengar,Ghost,Electric,Water,Ghost,Psychic
102,GengarMega Gengar,Ghost,Electric,Water,Ghost,Electric
103,Onix,Rock,Rock,Rock,Rock,Steel
104,Drowzee,Psychic,Water,Normal,Bug,Water
105,Hypno,Psychic,Water,Water,Psychic,Water
106,Krabby,Water,Rock,Rock,Water,Rock
107,Kingler,Water,Bug,Rock,Bug,Rock
108,Voltorb,Electric,Water,Normal,Water,Water
109,Electrode,Electric,Normal,Normal,Electric,Electric
110,Exeggcute,Grass,Grass,Water,Grass,Water
111,Exeggutor,Grass,Fire,Water,Grass,Water
112,Cubone,Ground,Rock,Water,Bug,Water
113,Marowak,Ground,Rock,Rock,Bug,Rock
114,Hitmonlee,Fighting,Bug,Normal,Fighting,Fighting
115,Hitmonchan,Fighting,Bug,Normal,Fighting,Bug
116,Lickitung,Normal,Bug,Water,Normal,Water
117,Koffing,Poison,Water,Rock,Water,Water
118,Weezing,Poison,Water,Water,Poison,Water
119,Rhyhorn,Ground,Ground,Rock,Ground,Ground
120,Rhydon,Ground,Ground,Rock,Ground,Ground
121,Chansey,Normal,Normal,Normal,Normal,Normal
122,Tangela,Grass,Grass,Water,Grass,Water
123,Kangaskhan,Normal,Normal,Normal,Normal,Normal
124,KangaskhanMega Kangaskhan,Normal,Water,Normal,Normal,Normal
125,Horsea,Water,Water,Water,Water,Water
126,Seadra,Water,Water,Water,Water,Water
127,Goldeen,Water,Poison,Normal,Water,Bug
128,Seaking,Water,Normal,Normal,Poison,Normal
129,Staryu,Water,Water,Water,Water,Water
130,Starmie,Water,Electric,Water,Water,Electric
131,Mr. Mime,Psychic,Electric,Water,Psychic,Psychic
132,Scyther,Bug,Normal,Normal,Bug,Normal
133,Jynx,Ice,Electric,Water,Electric,Psychic
134,Electabuzz,Electric,Fire,Normal,Electric,Water
135,Magmar,Fire,Fire,Electric,Fire,Water
136,Pinsir,Bug,Bug,Bug,Bug,Rock
137,PinsirMega Pinsir,Bug,Bug,Rock,Bug,Rock
138,Tauros,Normal,Normal,Normal,Normal,Normal
139,Magikarp,Water,Normal,Normal,Water,Bug
140,Gyarados,Water,Water,Normal,Water,Normal
141,GyaradosMega Gyarados,Water,Bug,Rock,Water,Rock
142,Lapras,Water,Water,Water,Water,Normal
143,Ditto,Normal,Poison,Water,Normal,Water
144,Eevee,Normal,Normal,Normal,Normal,Normal
145,Vaporeon,Water,Water,Water,Water,Water
146,Jolteon,Electric,Electric,Psychic,Electric,Psychic
147,Flareon,Fire,Fire,Electric,Grass,Dragon
148,Porygon,Normal,Grass,Water,Grass,Water
149,Omanyte,Rock,Water,Water,Rock,Water
150,Omastar,Rock,Water,Water,Electric,Water
151,Kabuto,Rock,Water,Rock,Rock,Water
152,Kabutops,Rock,Poison,Bug,Rock,Rock
153,Aerodactyl,Rock,Normal,Normal,Rock,Normal
154,AerodactylMega Aerodactyl,Rock,Fire,Normal,Rock,Normal
155,Snorlax,Normal,Water,Normal,Normal,Normal
156,Articuno,Ice,Water,Water,Water,Water
157,Zapdos,Electric,Fire,Water,Electric,Water
158,Moltres,Fire,Fire,Water,Fire,Water
159,Dratini,Dragon,Poison,Normal,Dragon,Water
160,Dragonair,Dragon,Fire,Normal,Dragon,Water
161,Dragonite,Dragon,Water,Normal,Dragon,Water
162,Mewtwo,Psychic,Electric,Water,Psychic,Psychic
163,MewtwoMega Mewtwo X,Psychic,Dragon,Dragon,Psychic,Dragon
164,MewtwoMega Mewtwo Y,Psychic,Dragon,Psychic,Psychic,Psychic
165,Mew,Psychic,Fire,Normal,Psychic,Water
166,Chikorita,Grass,Normal,Water,Water,Water
167,Bayleef,Grass,Water,Water,Grass,Water
168,Meganium,Grass,Water,Water,Grass,Water
169,Cyndaquil,Fire,Fire,Water,Fire,Water
170,Quilava,Fire,Bug,Water,Fire,Water
171,Typhlosion,Fire,Fire,Water,Fire,Water
172,Totodile,Water,Normal,Water,Water,Water
173,Croconaw,Water,Normal,Water,Bug,Water
174,Feraligatr,Water,Water,Normal,Water,Water
175,Sentret,Normal,Bug,Water,Bug,Water
176,Furret,Normal,Normal,Normal,Normal,Normal
177,Hoothoot,Normal,Poison,Normal,Normal,Normal
178,Noctowl,Normal,Normal,Water,Normal,Normal
179,Ledyba,Bug,Grass,Water,Grass,Water
180,Ledian,Bug,Bug,Normal,Bug,Psychic
181,Spinarak,Bug,Poison,Bug,Bug,Water
182,Ariados,Bug,Bug,Water,Bug,Water
183,Crobat,Poison,Fire,Normal,Rock,Normal
184,Chinchou,Water,Normal,Normal,Water,Normal
185,Lanturn,Water,Water,Water,Normal,Normal
186,Pichu,Electric,Normal,Normal,Normal,Water
187,Cleffa,Fairy,Bug,Water,Fairy,Fairy
188,Igglybuff,Normal,Normal,Normal,Normal,Normal
189,Togepi,Fairy,Bug,Water,Water,Water
190,Togetic,Fairy,Bug,Water,Fairy,Water
191,Natu,Psychic,Fire,Water,Psychic,Water
192,Xatu,Psychic,Fire,Water,Psychic,Water
193,Mareep,Electric,Fire,Water,Electric,Water
194,Flaaffy,Electric,Fire,Water,Electric,Water
195,Ampharos,Electric,Grass,Water,Electric,Water
196,AmpharosMega Ampharos,Electric,Grass,Water,Fire,Psychic
197,Bellossom,Grass,Water,Water,Grass,Water
198,Marill,Water,Normal,Normal,Water,Normal
199,Azumarill,Water,Normal,Water,Normal,Normal
200,Sudowoodo,Rock,Bug,Rock,Rock,Rock
201,Politoed,Water,Water,Water,Water,Water
202,Hoppip,Grass,Normal,Normal,Grass,Water
203,Skiploom,Grass,Water,Normal,Grass,Normal
204,Jumpluff,Grass,Bug,Normal,Grass,Normal
205,Aipom,Normal,Normal,Normal,Normal,Normal
206,Sunkern,Grass,Bug,Water,Grass,Water
207,Sunflora,Grass,Grass,Water,Grass,Grass
208,Yanma,Bug,Normal,Normal,Bug,Fire
209,Wooper,Water,Bug,Water,Bug,Normal
210,Quagsire,Water,Water,Water,Water,Water
211,Espeon,Psychic,Electric,Water,Electric,Psychic
212,Umbreon,Dark,Water,Normal,Dark,Normal
213,Murkrow,Dark,Fire,Normal,Dark,Water
214,Slowking,Water,Water,Water,Water,Fairy
215,Misdreavus,Ghost,Bug,Water,Ghost,Water
216,Unown,Psychic,Fire,Water,Psychic,Water
217,Wobbuffet,Psychic,Normal,Normal,Psychic,Normal
218,Girafarig,Normal,Normal,Water,Normal,Water
219,Pineco,Bug,Ground,Rock,Bug,Water
220,Forretress,Bug,Steel,Rock,Bug,Water
221,Dunsparce,Normal,Normal,Water,Normal,Normal
222,Gligar,Ground,Normal,Normal,Normal,Bug
223,Steelix,Steel,Steel,Rock,Steel,Steel
224,SteelixMega Steelix,Steel,Steel,Rock,Steel,Steel
225,Snubbull,Fairy,Poison,Bug,Fairy,Fighting
226,Granbull,Fairy,Water,Normal,Fairy,Rock
227,Qwilfish,Water,Normal,Normal,Normal,Normal
228,Scizor,Bug,Bug,Rock,Bug,Rock
229,ScizorMega Scizor,Bug,Bug,Rock,Bug,Rock
230,Shuckle,Bug,Rock,Steel,Bug,Steel
231,Heracross,Bug,Bug,Normal,Bug,Normal
232,HeracrossMega Heracross,Bug,Bug,Rock,Bug,Fighting
233,Sneasel,Dark,Normal,Normal,Dark,Normal
234,Teddiursa,Normal,Poison,Normal,Normal,Water
235,Ursaring,Normal,Water,Normal,Normal,Dragon
236,Slugma,Fire,Grass,Water,Fire,Water
237,Magcargo,Fire,Water,Water,Fire,Water
238,Swinub,Ice,Normal,Normal,Ice,Normal
239,Piloswine,Ice,Normal,Normal,Ice,Normal
240,Corsola,Water,Bug,Water,Water,Water
241,Remoraid,Water,Fire,Normal,Water,Water
242,Octillery,Water,Grass,Grass,Water,Water
243,Delibird,Ice,Water,Water,Ice,Water
244,Mantine,Water,Water,Water,Water,Psychic
245,Skarmory,Steel,Steel,Rock,Steel,Steel
246,Houndour,Dark,Fire,Water,Dark,Water
247,Houndoom,Dark,Fire,Electric,Fire,Water
248,HoundoomMega Houndoom,Dark,Fire,Water,Dark,Electric
249,Kingdra,Water,Water,Water,Water,Water
250,Phanpy,Ground,Normal,Normal,Ground,Normal
251,Donphan,Ground,Ground,Rock,Ground,Ground
252,Porygon2,Normal,Water,Water,Normal,Water
253,Stantler,Normal,Normal,Normal,Poison,Water
254,Smeargle,Normal,Normal,Normal,Normal,Normal
255,Tyrogue,Fighting,Bug,Water,Bug,Water
256,Hitmontop,Fighting,Bug,Normal,Fighting,Bug
257,Smoochum,Ice,Fire,Water,Ice,Psychic
258,Elekid,Electric,Fire,Normal,Water,Water
259,Magby,Fire,Fire,Normal,Fire,Water
260,Miltank,Normal,Normal,Normal,Normal,Normal
261,Blissey,Normal,Water,Psychic,Normal,Normal
262,Raikou,Electric,Electric,Psychic,Electric,Psychic
263,Entei,Fire,Fire,Normal,Fire,Normal
264,Suicune,Water,Water,Water,Water,Water
265,Larvitar,Rock,Normal,Water,Rock,Water
266,Pupitar,Rock,Bug,Water,Rock,Water
267,Tyranitar,Rock,Water,Rock,Dragon,Water
268,TyranitarMega Tyranitar,Rock,Dragon,Rock,Rock,Rock
269,Lugia,Psychic,Psychic,Normal,Psychic,Psychic
270,Ho-oh,Fire,Water,Psychic,Dragon,Dragon
271,Celebi,Psychic,Water,Normal,Psychic,Water
272,Treecko,Grass,Fire,Water,Grass,Water
273,Grovyle,Grass,Electric,Water,Grass,Electric
274,Sceptile,Grass,Electric,Electric,Electric,Psychic
275,SceptileMega Sceptile,Grass,Electric,Electric,Grass,Electric
276,Torchic,Fire,Water,Water,Fire,Water
277,Combusken,Fire,Bug,Water,Fire,Water
278,Blaziken,Fire,Grass,Electric,Fire,Water
279,BlazikenMega Blaziken,Fire,Dragon,Grass,Fire,Dragon
280,Mudkip,Water,Water,Water,Water,Water
281,Marshtomp,Water,Bug,Water,Water,Water
282,Swampert,Water,Normal,Water,Water,Water
283,SwampertMega Swampert,Water,Dragon,Dragon,Dragon,Rock
284,Poochyena,Dark,Bug,Normal,Dark,Bug
285,Mightyena,Dark,Normal,Normal,Dark,Normal
286,Zigzagoon,Normal,Normal,Normal,Bug,Normal
287,Linoone,Normal,Normal,Normal,Normal,Normal
288,Wurmple,Bug,Bug,Normal,Bug,Normal
289,Silcoon,Bug,Bug,Water,Bug,Water
290,Beautifly,Bug,Normal,Water,Grass,Water
291,Cascoon,Bug,Bug,Water,Bug,Water
292,Dustox,Bug,Bug,Water,Bug,Bug
293,Lotad,Water,Bug,Water,Water,Water
294,Lombre,Water,Water,Water,Water,Water
295,Ludicolo,Water,Grass,Water,Water,Water
296,Seedot,Grass,Bug,Water,Bug,Water
297,Nuzleaf,Grass,Normal,Normal,Grass,Normal
298,Shiftry,Grass,Grass,Electric,Grass,Water
299,Taillow,Normal,Normal,Normal,Normal,Normal
300,Swellow,Normal,Normal,Normal,Normal,Normal
301,Wingull,Water,Normal,Normal,Normal,Electric
302,Pelipper,Water,Bug,Water,Water,Water
303,Ralts,Psychic,Bug,Water,Psychic,Water
304,Kirlia,Psychic,Grass,Water,Grass,Water
305,Gardevoir,Psychic,Electric,Water,Electric,Psychic
306,GardevoirMega Gardevoir,Psychic,Electric,Water,Psychic,Psychic
307,Surskit,Bug,Grass,Water,Grass,Water
308,Masquerain,Bug,Water,Water,Bug,Water
309,Shroomish,Grass,Grass,Water,Grass,Water
310,Breloom,Grass,Dragon,Bug,Grass,Fighting
311,Slakoth,Normal,Dragon,Water,Normal,Ground
312,Vigoroth,Normal,Normal,Normal,Normal,Normal
313,Slaking,Normal,Dragon,Normal,Normal,Normal
314,Nincada,Bug,Bug,Rock,Bug,Bug
315,Ninjask,Bug,Normal,Normal,Bug,Normal
316,Shedinja,Bug,Water,Bug,Bug,Fighting
317,Whismur,Normal,Normal,Normal,Normal,Water
318,Loudred,Normal,Normal,Water,Normal,Water
319,Exploud,Normal,Water,Water,Normal,Water
320,Makuhita,Fighting,Fighting,Normal,Fighting,Normal
321,Hariyama,Fighting,Normal,Normal,Normal,Normal
322,Azurill,Normal,Bug,Water,Bug,Normal
323,Nosepass,Rock,Bug,Rock,Rock,Steel
324,Skitty,Normal,Normal,Normal,Normal,Normal
325,Delcatty,Normal,Normal,Normal,Normal,Normal
326,Sableye,Dark,Water,Water,Dark,Water
327,SableyeMega Sableye,Dark,Bug,Grass,Dark,Rock
328,Mawile,Steel,Water,Rock,Bug,Bug
329,MawileMega Mawile,Steel,Bug,Rock,Steel,Rock
330,Aron,Steel,Rock,Rock,Steel,Bug
331,Lairon,Steel,Steel,Rock,Steel,Steel
332,Aggron,Steel,Steel,Rock,Steel,Steel
333,AggronMega Aggron,Steel,Steel,Rock,Steel,Steel
334,Meditite,Fighting,Grass,Water,Fighting,Bug
335,Medicham,Fighting,Bug,Water,Fighting,Water
336,MedichamMega Medicham,Fighting,Water,Normal,Fighting,Bug
337,Electrike,Electric,Fire,Water,Water,Water
338,Manectric,Electric,Grass,Water,Electric,Electric
339,ManectricMega Manectric,Electric,Electric,Water,Electric,Electric
340,Plusle,Electric,Bug,Psychic,Electric,Psychic
341,Minun,Electric,Bug,Water,Electric,Psychic
342,Volbeat,Bug,Normal,Normal,Bug,Normal
343,Illumise,Bug,Bug,Water,Bug,Water
344,Roselia,Grass,Electric,Water,Grass,Psychic
345,Gulpin,Poison,Water,Water,Poison,Normal
346,Swalot,Poison,Water,Water,Poison,Water
347,Carvanha,Water,Electric,Normal,Water,Fire
348,Sharpedo,Water,Dark,Fire,Dark,Fire
349,SharpedoMega Sharpedo,Water,Fighting,Fire,Water,Fighting
350,Wailmer,Water,Normal,Normal,Normal,Normal
351,Wailord,Water,Water,Psychic,Water,Normal
352,Numel,Fire,Water,Water,Fire,Water
353,Camerupt,Fire,Water,Grass,Fire,Water
354,CameruptMega Camerupt,Fire,Electric,Grass,Fire,Water
355,Torkoal,Fire,Bug,Water,Fire,Water
356,Spoink,Psychic,Grass,Water,Psychic,Water
357,Grumpig,Psychic,Water,Water,Psychic,Psychic
358,Spinda,Normal,Water,Water,Normal,Water
359,Trapinch,Ground,Dragon,Rock,Rock,Dragon
360,Vibrava,Ground,Normal,Normal,Ground,Bug
361,Flygon,Ground,Water,Normal,Ground,Normal
362,Cacnea,Grass,Grass,Water,Dark,Water
363,Cacturne,Grass,Grass,Fire,Water,Water
364,Swablu,Normal,Grass,Water,Normal,Bug
365,Altaria,Dragon,Water,Water,Dragon,Water
366,AltariaMega Altaria,Dragon,Water,Grass,Dragon,Water
367,Zangoose,Normal,Normal,Normal,Normal,Normal
368,Seviper,Poison,Grass,Fire,Poison,Water
369,Lunatone,Rock,Water,Water,Rock,Water
370,Solrock,Rock,Normal,Bug,Dark,Bug
371,Barboach,Water,Fighting,Normal,Water,Normal
372,Whiscash,Water,Water,Water,Normal,Normal
373,Corphish,Water,Dragon,Rock,Water,Water
374,Crawdaunt,Water,Fire,Water,Water,Water
375,Baltoy,Ground,Grass,Water,Ground,Bug
376,Claydol,Ground,Electric,Water,Dragon,Bug
377,Lileep,Rock,Water,Water,Rock,Water
378,Cradily,Rock,Grass,Water,Water,Water
379,Anorith,Rock,Bug,Normal,Normal,Fighting
380,Armaldo,Rock,Water,Rock,Rock,Rock
381,Feebas,Water,Normal,Normal,Water,Normal
382,Milotic,Water,Water,Water,Water,Psychic
383,Castform,Normal,Normal,Water,Normal,Water
384,Kecleon,Normal,Bug,Water,Bug,Bug
385,Shuppet,Ghost,Water,Water,Water,Water
386,Banette,Ghost,Fire,Fire,Ghost,Fighting
387,BanetteMega Banette,Ghost,Fire,Dragon,Ghost,Fighting
388,Duskull,Ghost,Bug,Water,Ghost,Bug
389,Dusclops,Ghost,Bug,Rock,Ghost,Bug
390,Tropius,Grass,Water,Water,Grass,Water
391,Chimecho,Psychic,Water,Water,Water,Water
392,Absol,Dark,Dark,Normal,Dark,Fighting
393,AbsolMega Absol,Dark,Fighting,Fire,Water,Fighting
394,Wynaut,Psychic,Normal,Water,Psychic,Normal
395,Snorunt,Ice,Water,Water,Water,Water
396,Glalie,Ice,Water,Water,Ice,Water
397,GlalieMega Glalie,Ice,Fire,Grass,Ice,Water
398,Spheal,Ice,Grass,Water,Ice,Water
399,Sealeo,Ice,Normal,Water,Ice,Water
400,Walrein,Ice,Water,Water,Ice,Water
401,Clamperl,Water,Water,Water,Water,Water
402,Huntail,Water,Water,Water,Water,Water
403,Gorebyss,Water,Water,Water,Water,Water
404,Relicanth,Water,Ground,Rock,Water,Ground
405,Luvdisc,Water,Normal,Normal,Water,Bug
406,Bagon,Dragon,Dragon,Bug,Dragon,Bug
407,Shelgon,Dragon,Rock,Rock,Dragon,Rock
408,Salamence,Dragon,Fire,Psychic,Ground,Water
409,SalamenceMega Salamence,Dragon,Dragon,Dragon,Dragon,Water
410,Beldum,Steel,Water,Water,Steel,Bug
411,Metang,Steel,Bug,Water,Steel,Bug
412,Metagross,Steel,Dragon,Rock,Rock,Rock
413,MetagrossMega Metagross,Steel,Dragon,Rock,Steel,Rock
414,Regirock,Rock,Steel,Rock,Rock,Steel
415,Regice,Ice,Psychic,Water,Psychic,Fairy
416,Registeel,Steel,Dark,Steel,Steel,Rock
417,Latias,Dragon,Water,Psychic,Psychic,Psychic
418,LatiasMega Latias,Dragon,Psychic,Psychic,Psychic,Psychic
419,Latios,Dragon,Electric,Water,Dark,Psychic
420,LatiosMega Latios,Dragon,Dragon,Grass,Dragon,Psychic
421,Kyogre,Water,Dragon,Water,Water,Psychic
422,KyogrePrimal Kyogre,Water,Dragon,Dragon,Water,Dragon
423,Groudon,Ground,Dragon,Rock,Ground,Rock
424,GroudonPrimal Groudon,Ground,Dragon,Dragon,Ground,Rock
425,Rayquaza,Dragon,Dragon,Dragon,Dragon,Water
426,RayquazaMega Rayquaza,Dragon,Dragon,Dragon,Psychic,Water
427,Jirachi,Steel,Psychic,Psychic,Steel,Water
428,DeoxysNormal Forme,Psychic,Electric,Fire,Psychic,Electric
429,DeoxysAttack Forme,Psychic,Electric,Fighting,Psychic,Electric
430,DeoxysDefense Forme,Psychic,Electric,Steel,Psychic,Bug
431,DeoxysSpeed Forme,Psychic,Electric,Normal,Psychic,Electric
432,Turtwig,Grass,Grass,Water,Grass,Bug
433,Grotle,Grass,Bug,Rock,Bug,Bug
434,Torterra,Grass,Grass,Rock,Grass,Ground
435,Chimchar,Fire,Water,Water,Fire,Water
436,Monferno,Fire,Normal,Normal,Fire,Water
437,Infernape,Fire,Electric,Electric,Fire,Water
438,Piplup,Water,Water,Water,Water,Water
439,Prinplup,Water,Water,Water,Water,Water
440,Empoleon,Water,Water,Water,Water,Water
441,Starly,Normal,Normal,Normal,Normal,Normal
442,Staravia,Normal,Normal,Normal,Normal,Normal
443,Staraptor,Normal,Normal,Normal,Normal,Normal
444,Bidoof,Normal,Normal,Water,Normal,Normal
445,Bibarel,Normal,Normal,Normal,Normal,Normal
446,Kricketot,Bug,Bug,Water,Bug,Bug
447,Kricketune,Bug,Normal,Normal,Bug,Normal
448,Shinx,Electric,Normal,Normal,Electric,Bug
449,Luxio,Electric,Bug,Normal,Electric,Fighting
450,Luxray,Electric,Grass,Grass,Electric,Dragon
451,Budew,Grass,Grass,Water,Grass,Water
452,Roserade,Grass,Electric,Water,Grass,Psychic
453,Cranidos,Rock,Dragon,Normal,Rock,Fighting
454,Rampardos,Rock,Normal,Normal,Rock,Fighting
455,Shieldon,Rock,Bug,Water,Rock,Bug
456,Bastiodon,Rock,Rock,Steel,Rock,Steel
457,Burmy,Bug,Bug,Water,Bug,Bug
458,WormadamPlant Cloak,Bug,Bug,Water,Bug,Grass
459,WormadamSandy Cloak,Bug,Bug,Rock,Bug,Bug
460,WormadamTrash Cloak,Bug,Bug,Water,Bug,Bug
461,Mothim,Bug,Fire,Fire,Bug,Water
462,Combee,Bug,Normal,Normal,Bug,Bug
463,Vespiquen,Bug,Bug,Water,Bug,Grass
464,Pachirisu,Electric,Normal,Normal,Electric,Normal
465,Buizel,Water,Normal,Normal,Normal,Fire
466,Floatzel,Water,Normal,Normal,Water,Fire
467,Cherubi,Grass,Grass,Water,Grass,Water
468,Cherrim,Grass,Water,Water,Bug,Water
469,Shellos,Water,Water,Water,Water,Water
470,Gastrodon,Water,Grass,Water,Water,Fairy
471,Ambipom,Normal,Normal,Normal,Normal,Normal
472,Drifloon,Ghost,Normal,Normal,Normal,Normal
473,Drifblim,Ghost,Water,Psychic,Ghost,Normal
474,Buneary,Normal,Normal,Normal,Normal,Normal
475,Lopunny,Normal,Normal,Normal,Normal,Normal
476,LopunnyMega Lopunny,Normal,Bug,Normal,Normal,Bug
477,Mismagius,Ghost,Electric,Water,Ghost,Psychic
478,Honchkrow,Dark,Grass,Fire,Water,Fire
479,Glameow,Normal,Normal,Normal,Normal,Normal
480,Purugly,Normal,Normal,Normal,Normal,Normal
481,Chingling,Psychic,Water,Water,Psychic,Water
482,Stunky,Poison,Normal,Normal,Poison,Normal
483,Skuntank,Poison,Normal,Normal,Poison,Normal
484,Bronzor,Steel,Bug,Water,Steel,Bug
485,Bronzong,Steel,Bug,Grass,Steel,Rock
486,Bonsly,Rock,Bug,Rock,Rock,Bug
487,Mime Jr.,Psychic,Grass,Water,Psychic,Psychic
488,Happiny,Normal,Normal,Normal,Normal,Normal
489,Chatot,Normal,Bug,Normal,Normal,Water
490,Spiritomb,Ghost,Bug,Grass,Water,Rock
491,Gible,Dragon,Normal,Normal,Dragon,Fighting
492,Gabite,Dragon,Normal,Normal,Dragon,Normal
493,Garchomp,Dragon,Ground,Normal,Normal,Normal
494,GarchompMega Garchomp,Dragon,Dragon,Dragon,Dragon,Dragon
495,Munchlax,Normal,Normal,Normal,Normal,Normal
496,Riolu,Fighting,Normal,Normal,Fighting,Bug
497,Lucario,Fighting,Electric,Fire,Fighting,Water
498,LucarioMega Lucario,Fighting,Fire,Grass,Fighting,Water
499,Hippopotas,Ground,Water,Bug,Ground,Ground
500,Hippowdon,Ground,Ground,Rock,Ground,Ground
501,Skorupi,Poison,Bug,Bug,Bug,Bug
502,Drapion,Poison,Normal,Bug,Bug,Bug
503,Croagunk,Poison,Water,Water,Water,Water
504,Toxicroak,Poison,Water,Fire,Poison,Water
505,Carnivine,Grass,Water,Grass,Grass,Water
506,Finneon,Water,Water,Water,Water,Bug
507,Lumineon,Water,Normal,Normal,Normal,Water
508,Mantyke,Water,Psychic,Water,Psychic,Fairy
509,Snover,Grass,Water,Water,Grass,Water
510,Abomasnow,Grass,Water,Water,Grass,Water
511,AbomasnowMega Abomasnow,Grass,Dragon,Dragon,Grass,Grass
512,Weavile,Dark,Normal,Normal,Dark,Normal
513,Magnezone,Electric,Electric,Water,Electric,Electric
514,Lickilicky,Normal,Grass,Water,Normal,Water
515,Rhyperior,Ground,Ground,Rock,Ground,Ground
516,Tangrowth,Grass,Water,Grass,Water,Water
517,Electivire,Electric,Fighting,Fire,Electric,Dragon
518,Magmortar,Fire,Electric,Water,Grass,Psychic
519,Togekiss,Fairy,Electric,Water,Fairy,Psychic
520,Yanmega,Bug,Water,Water,Water,Electric
521,Leafeon,Grass,Bug,Rock,Bug,Steel
522,Glaceon,Ice,Electric,Water,Ice,Electric
523,Gliscor,Ground,Normal,Rock,Ground,Bug
524,Mamoswine,Ice,Normal,Normal,Ice,Normal
525,Porygon-Z,Normal,Water,Water,Fire,Electric
526,Gallade,Psychic,Normal,Normal,Dark,Dragon
527,GalladeMega Gallade,Psychic,Bug,Normal,Psychic,Fighting
528,Probopass,Rock,Rock,Water,Rock,Steel
529,Dusknoir,Ghost,Rock,Rock,Ghost,Bug
530,Froslass,Ice,Water,Normal,Ice,Water
531,Rotom,Electric,Electric,Water,Electric,Electric
532,RotomHeat Rotom,Electric,Electric,Water,Electric,Electric
533,RotomWash Rotom,Electric,Electric,Water,Electric,Electric
534,RotomFrost Rotom,Electric,Electric,Water,Electric,Electric
535,RotomFan Rotom,Electric,Electric,Water,Electric,Electric
536,RotomMow Rotom,Electric,Electric,Water,Electric,Electric
537,Uxie,Psychic,Electric,Normal,Psychic,Bug
538,Mesprit,Psychic,Grass,Grass,Psychic,Water
539,Azelf,Psychic,Fighting,Fire,Electric,Electric
540,Dialga,Steel,Dragon,Dragon,Dragon,Water
541,Palkia,Water,Dragon,Grass,Water,Psychic
542,Heatran,Fire,Water,Water,Fire,Psychic
543,Regigigas,Normal,Dragon,Dragon,Normal,Normal
544,GiratinaAltered Forme,Ghost,Dragon,Psychic,Normal,Normal
545,GiratinaOrigin Forme,Ghost,Dragon,Psychic,Ghost,Water
546,Cresselia,Psychic,Psychic,Normal,Psychic,Normal
547,Phione,Water,Poison,Water,Water,Water
548,Manaphy,Water,Grass,Psychic,Grass,Water
549,Darkrai,Dark,Electric,Water,Dark,Electric
550,ShayminLand Forme,Grass,Grass,Psychic,Grass,Water
551,ShayminSky Forme,Grass,Electric,Psychic,Grass,Electric
552,Arceus,Normal,Dragon,Psychic,Normal,Psychic
553,Victini,Psychic,Grass,Psychic,Psychic,Water
554,Snivy,Grass,Fire,Water,Water,Bug
555,Servine,Grass,Electric,Water,Grass,Bug
556,Serperior,Grass,Psychic,Normal,Grass,Bug
557,Tepig,Fire,Water,Normal,Fire,Normal
558,Pignite,Fire,Bug,Fire,Fire,Normal
559,Emboar,Fire,Grass,Psychic,Grass,Fire
560,Oshawott,Water,Water,Water,Water,Water
561,Dewott,Water,Fire,Water,Water,Water
562,Samurott,Water,Grass,Water,Water,Water
563,Patrat,Normal,Normal,Normal,Normal,Bug
564,Watchog,Normal,Water,Normal,Normal,Bug
565,Lillipup,Normal,Normal,Normal,Normal,Normal
566,Herdier,Normal,Bug,Normal,Dark,Normal
567,Stoutland,Normal,Normal,Normal,Normal,Normal
568,Purrloin,Dark,Normal,Normal,Dark,Bug
569,Liepard,Dark,Water,Fire,Dark,Water
570,Pansage,Grass,Water,Water,Water,Bug
571,Simisage,Grass,Water,Fire,Fire,Water
572,Pansear,Fire,Water,Water,Water,Bug
573,Simisear,Fire,Water,Fire,Fire,Water
574,Panpour,Water,Water,Water,Water,Bug
575,Simipour,Water,Water,Fire,Fire,Water
576,Munna,Psychic,Water,Water,Psychic,Water
577,Musharna,Psychic,Grass,Water,Psychic,Fairy
578,Pidove,Normal,Normal,Bug,Normal,Bug
579,Tranquill,Normal,Bug,Normal,Bug,Ground
580,Unfezant,Normal,Normal,Normal,Normal,Ground
581,Blitzle,Electric,Normal,Normal,Electric,Bug
582,Zebstrika,Electric,Water,Normal,Electric,Fire
583,Roggenrola,Rock,Rock,Rock,Rock,Ground
584,Boldore,Rock,Rock,Rock,Rock,Rock
585,Gigalith,Rock,Grass,Rock,Rock,Rock
586,Woobat,Psychic,Water,Water,Water,Normal
587,Swoobat,Psychic,Normal,Normal,Psychic,Electric
588,Drilbur,Ground,Normal,Normal,Ground,Normal
589,Excadrill,Ground,Normal,Normal,Normal,Normal
590,Audino,Normal,Grass,Water,Normal,Normal
591,AudinoMega Audino,Normal,Psychic,Psychic,Normal,Psychic
592,Timburr,Fighting,Ground,Normal,Fighting,Normal
593,Gurdurr,Fighting,Fighting,Rock,Fighting,Ground
594,Conkeldurr,Fighting,Fighting,Rock,Fighting,Fighting
595,Tympole,Water,Normal,Normal,Water,Normal
596,Palpitoad,Water,Fire,Water,Water,Normal
597,Seismitoad,Water,Normal,Psychic,Water,Normal
598,Throh,Fighting,Normal,Normal,Fighting,Normal
599,Sawk,Fighting,Normal,Normal,Normal,Normal
600,Sewaddle,Bug,Ghost,Water,Bug,Bug
601,Swadloon,Bug,Bug,Water,Bug,Bug
602,Leavanny,Bug,Normal,Normal,Bug,Bug
603,Venipede,Bug,Normal,Bug,Bug,Bug
604,Whirlipede,Bug,Bug,Water,Bug,Bug
605,Scolipede,Bug,Normal,Normal,Bug,Bug
606,Cottonee,Grass,Normal,Water,Grass,Bug
607,Whimsicott,Grass,Psychic,Water,Electric,Bug
608,Petilil,Grass,Psychic,Water,Psychic,Water
609,Lilligant,Grass,Electric,Water,Psychic,Electric
610,Basculin,Water,Normal,Fire,Water,Water
611,Sandile,Ground,Normal,Normal,Ground,Normal
612,Krokorok,Ground,Normal,Normal,Ground,Normal
613,Krookodile,Ground,Normal,Normal,Ground,Normal
614,Darumaka,Fire,Ground,Normal,Fire,Normal
615,DarmanitanStandard Mode,Fire,Normal,Normal,Fire,Normal
616,DarmanitanZen Mode,Fire,Water,Water,Fire,Psychic
617,Maractus,Grass,Water,Water,Grass,Water
618,Dwebble,Bug,Bug,Bug,Bug,Bug
619,Crustle,Bug,Bug,Rock,Bug,Rock
620,Scraggy,Dark,Bug,Bug,Dark,Bug
621,Scrafty,Dark,Bug,Rock,Dark,Bug
622,Sigilyph,Psychic,Electric,Water,Psychic,Electric
623,Yamask,Ghost,Bug,Water,Ghost,Bug
624,Cofagrigus,Ghost,Bug,Water,Rock,Steel
625,Tirtouga,Water,Rock,Water,Water,Rock
626,Carracosta,Water,Rock,Rock,Water,Rock
627,Archen,Rock,Bug,Fire,Rock,Fighting
628,Archeops,Rock,Electric,Fire,Electric,Fighting
629,Trubbish,Poison,Water,Water,Poison,Bug
630,Garbodor,Poison,Normal,Normal,Normal,Normal
631,Zorua,Dark,Fire,Water,Dark,Water
632,Zoroark,Dark,Electric,Fire,Fighting,Electric
633,Minccino,Normal,Normal,Normal,Normal,Normal
634,Cinccino,Normal,Normal,Normal,Normal,Normal
635,Gothita,Psychic,Water,Water,Psychic,Water
636,Gothorita,Psychic,Bug,Water,Psychic,Water
637,Gothitelle,Psychic,Electric,Water,Psychic,Psychic
638,Solosis,Psychic,Psychic,Water,Psychic,Electric
639,Duosion,Psychic,Water,Water,Ghost,Psychic
640,Reuniclus,Psychic,Grass,Water,Water,Fairy
641,Ducklett,Water,Water,Water,Water,Normal
642,Swanna,Water,Water,Fire,Water,Water
643,Vanillite,Ice,Water,Water,Ice,Water
644,Vanillish,Ice,Water,Water,Ice,Water
645,Vanilluxe,Ice,Grass,Grass,Ice,Water
646,Deerling,Normal,Normal,Normal,Normal,Normal
647,Sawsbuck,Normal,Normal,Normal,Normal,Normal
648,Emolga,Electric,Electric,Normal,Electric,Water
649,Karrablast,Bug,Ground,Normal,Bug,Fighting
650,Escavalier,Bug,Bug,Rock,Bug,Rock
651,Foongus,Grass,Water,Water,Grass,Fairy
652,Amoonguss,Grass,Grass,Water,Grass,Fairy
653,Frillish,Water,Water,Water,Water,Fairy
654,Jellicent,Water,Water,Water,Water,Water
655,Alomomola,Water,Normal,Normal,Water,Normal
656,Joltik,Bug,Water,Water,Water,Water
657,Galvantula,Bug,Electric,Water,Bug,Electric
658,Ferroseed,Grass,Bug,Water,Grass,Bug
659,Ferrothorn,Grass,Bug,Rock,Grass,Rock
660,Klink,Steel,Ghost,Water,Steel,Bug
661,Klang,Steel,Bug,Water,Steel,Bug
662,Klinklang,Steel,Bug,Rock,Bug,Bug
663,Tynamo,Electric,Normal,Normal,Normal,Bug
664,Eelektrik,Electric,Grass,Water,Electric,Water
665,Eelektross,Electric,Grass,Grass,Electric,Dragon
666,Elgyem,Psychic,Grass,Water,Psychic,Water
667,Beheeyem,Psychic,Grass,Water,Water,Psychic
668,Litwick,Ghost,Psychic,Water,Psychic,Water
669,Lampent,Ghost,Water,Water,Ghost,Electric
670,Chandelure,Ghost,Electric,Water,Ghost,Electric
671,Axew,Dragon,Ground,Bug,Dragon,Fighting
672,Fraxure,Dragon,Normal,Normal,Dragon,Fighting
673,Haxorus,Dragon,Normal,Normal,Dragon,Fighting
674,Cubchoo,Ice,Water,Fire,Ice,Grass
675,Beartic,Ice,Grass,Dragon,Ice,Dragon
676,Cryogonal,Ice,Psychic,Psychic,Psychic,Psychic
677,Shelmet,Bug,Bug,Water,Bug,Bug
678,Accelgor,Bug,Fire,Electric,Bug,Electric
679,Stunfisk,Ground,Grass,Water,Ground,Fairy
680,Mienfoo,Fighting,Ground,Normal,Fighting,Fighting
681,Mienshao,Fighting,Water,Fire,Fighting,Fighting
682,Druddigon,Dragon,Bug,Rock,Dragon,Dragon
683,Golett,Ground,Normal,Normal,Ground,Fighting
684,Golurk,Ground,Normal,Ground,Ground,Fighting
685,Pawniard,Dark,Ghost,Bug,Dragon,Bug
686,Bisharp,Dark,Ghost,Rock,Bug,Rock
687,Bouffalant,Normal,Normal,Rock,Normal,Normal
688,Rufflet,Normal,Bug,Normal,Normal,Normal
689,Braviary,Normal,Normal,Normal,Normal,Normal
690,Vullaby,Dark,Dark,Water,Dark,Normal
691,Mandibuzz,Dark,Normal,Normal,Dark,Normal
692,Heatmor,Fire,Water,Fire,Grass,Water
693,Durant,Bug,Normal,Bug,Bug,Bug
694,Deino,Dark,Water,Water,Dark,Bug
695,Zweilous,Dark,Water,Water,Dark,Bug
696,Hydreigon,Dark,Water,Grass,Dark,Electric
697,Larvesta,Bug,Ghost,Normal,Bug,Fighting
698,Volcarona,Bug,Electric,Water,Bug,Psychic
699,Cobalion,Steel,Grass,Rock,Steel,Steel
700,Terrakion,Rock,Normal,Normal,Rock,Normal
701,Virizion,Grass,Grass,Psychic,Grass,Psychic
702,TornadusIncarnate Forme,Flying,Fighting,Fire,Electric,Electric
703,TornadusTherian Forme,Flying,Grass,Psychic,Flying,Electric
704,ThundurusIncarnate Forme,Electric,Fighting,Fire,Electric,Electric
705,ThundurusTherian Forme,Electric,Water,Grass,Electric,Electric
706,Reshiram,Dragon,Dragon,Psychic,Dragon,Psychic
707,Zekrom,Dragon,Dragon,Dragon,Dragon,Dragon
708,LandorusIncarnate Forme,Ground,Electric,Dragon,Ground,Water
709,LandorusTherian Forme,Ground,Ground,Dragon,Ground,Dragon
710,Kyurem,Dragon,Dragon,Psychic,Dragon,Water
711,KyuremBlack Kyurem,Dragon,Dragon,Dragon,Dragon,Dragon
712,KyuremWhite Kyurem,Dragon,Dragon,Water,Dragon,Psychic
713,KeldeoOrdinary Forme,Water,Fire,Water,Water,Electric
714,KeldeoResolute Forme,Water,Fire,Water,Water,Electric
715,MeloettaAria Forme,Normal,Water,Psychic,Normal,Psychic
716,MeloettaPirouette Forme,Normal,Ground,Normal,Ground,Normal
717,Genesect,Bug,Electric,Dragon,Bug,Dragon
718,Chespin,Grass,Ghost,Water,Water,Bug
719,Quilladin,Grass,Dark,Rock,Grass,Bug
720,Chesnaught,Grass,Ghost,Rock,Grass,Ground
721,Fennekin,Fire,Water,Water,Fire,Electric
722,Braixen,Fire,Grass,Water,Electric,Electric
723,Delphox,Fire,Psychic,Water,Fire,Psychic
724,Froakie,Water,Water,Normal,Water,Electric
725,Frogadier,Water,Water,Water,Water,Electric
726,Greninja,Water,Fire,Normal,Fire,Electric
727,Bunnelby,Normal,Normal,Normal,Normal,Bug
728,Diggersby,Normal,Normal,Normal,Normal,Normal
729,Fletchling,Normal,Normal,Normal,Normal,Bug
730,Fletchinder,Fire,Water,Normal,Fire,Normal
731,Talonflame,Fire,Fire,Normal,Fire,Normal
732,Scatterbug,Bug,Normal,Water,Bug,Bug
733,Spewpa,Bug,Bug,Water,Bug,Bug
734,Vivillon,Bug,Water,Water,Bug,Electric
735,Litleo,Fire,Water,Water,Psychic,Water
736,Pyroar,Fire,Fire,Water,Fire,Electric
737,Flabébé,Fairy,Grass,Water,Fairy,Fairy
738,Floette,Fairy,Psychic,Water,Psychic,Fairy
739,Florges,Fairy,Fairy,Water,Fairy,Fairy
740,Skiddo,Grass,Water,Water,Grass,Grass
741,Gogoat,Grass,Grass,Psychic,Grass,Normal
742,Pancham,Fighting,Ghost,Bug,Fighting,Ground
743,Pangoro,Fighting,Normal,Dragon,Rock,Dragon
744,Furfrou,Normal,Normal,Normal,Normal,Normal
745,Espurr,Psychic,Water,Water,Psychic,Water
746,MeowsticMale,Psychic,Psychic,Water,Psychic,Flying
747,MeowsticFemale,Psychic,Psychic,Water,Psychic,Flying
748,Honedge,Steel,Rock,Rock,Rock,Rock
749,Doublade,Steel,Ghost,Rock,Steel,Steel
750,AegislashBlade Forme,Steel,Electric,Fire,Steel,Dragon
751,AegislashShield Forme,Steel,Rock,Steel,Steel,Bug
752,Spritzee,Fairy,Water,Water,Fairy,Fairy
753,Aromatisse,Fairy,Grass,Water,Fairy,Fairy
754,Swirlix,Fairy,Water,Water,Water,Water
755,Slurpuff,Fairy,Water,Water,Water,Water
756,Inkay,Dark,Ghost,Water,Dark,Bug
757,Malamar,Dark,Normal,Normal,Ghost,Normal
758,Binacle,Rock,Ghost,Water,Bug,Bug
759,Barbaracle,Rock,Ghost,Rock,Ghost,Bug
760,Skrelp,Poison,Ghost,Water,Poison,Water
761,Dragalge,Poison,Bug,Water,Poison,Psychic
762,Clauncher,Water,Ghost,Water,Water,Bug
763,Clawitzer,Water,Electric,Water,Water,Electric
764,Helioptile,Electric,Water,Water,Electric,Electric
765,Heliolisk,Electric,Psychic,Water,Electric,Psychic
766,Tyrunt,Rock,Ghost,Rock,Rock,Bug
767,Tyrantrum,Rock,Ghost,Rock,Rock,Ground
768,Amaura,Rock,Water,Water,Water,Water
769,Aurorus,Rock,Grass,Psychic,Rock,Water
770,Sylveon,Fairy,Fairy,Water,Fairy,Fairy
771,Hawlucha,Fighting,Normal,Normal,Fighting,Normal
772,Dedenne,Electric,Psychic,Water,Electric,Electric
773,Carbink,Rock,Rock,Steel,Rock,Bug
774,Goomy,Dragon,Water,Water,Dragon,Grass
775,Sliggoo,Dragon,Water,Psychic,Dragon,Dragon
776,Goodra,Dragon,Psychic,Psychic,Dragon,Dragon
777,Klefki,Steel,Psychic,Water,Steel,Bug
778,Phantump,Ghost,Ghost,Water,Ghost,Bug
779,Trevenant,Ghost,Normal,Dragon,Ghost,Dragon
780,PumpkabooAverage Size,Ghost,Ghost,Bug,Ghost,Bug
781,PumpkabooSmall Size,Ghost,Ghost,Bug,Ghost,Bug
782,PumpkabooLarge Size,Ghost,Ghost,Water,Ghost,Bug
783,PumpkabooSuper Size,Ghost,Dark,Water,Ghost,Bug
784,GourgeistAverage Size,Ghost,Bug,Rock,Ghost,Steel
785,GourgeistSmall Size,Ghost,Grass,Rock,Ghost,Bug
786,GourgeistLarge Size,Ghost,Ghost,Rock,Ghost,Steel
787,GourgeistSuper Size,Ghost,Ghost,Rock,Ghost,Ground
788,Bergmite,Ice,Ghost,Rock,Ice,Bug
789,Avalugg,Ice,Rock,Rock,Rock,Ground
790,Noibat,Flying,Normal,Water,Flying,Bug
791,Noivern,Flying,Water,Psychic,Flying,Electric
792,Xerneas,Fairy,Dragon,Dragon,Fairy,Water
793,Yveltal,Dark,Dragon,Dragon,Fairy,Water
794,Zygarde50% Forme,Dragon,Grass,Dragon,Dragon,Normal
795,Diancie,Rock,Rock,Dragon,Rock,Rock
796,DiancieMega Diancie,Rock,Dragon,Dragon,Rock,Dragon
797,HoopaHoopa Confined,Psychic,Psychic,Water,Psychic,Dragon
798,HoopaHoopa Unbound,Psychic,Dragon,Dragon,Psychic,Dragon
799,Volcanion,Fire,Dragon,Dragon,Fire,Water
